index,row,col,filename,original_id
1,1,1,save,path262
2,1,2,generator,path211
3,1,3,settings,path254
4,1,4,add,path268
5,1,5,folder,path270
6,1,6,documentation,path289
7,1,7,feedback,path259
8,1,8,search,path266
9,2,1,globe,path300
10,2,2,nodes,path205
11,2,3,camera,path221
12,2,4,light-neutral,path199
13,2,5,light-rim,path204
14,2,6,quality-low,path217
15,2,7,squircle,path164
16,2,8,variable-link,path163
17,3,1,generated,path188
18,3,2,ids,path298
19,3,3,layers,path183
20,3,4,library,path191
21,3,5,duplicate,path187
22,3,6,trash,path184
23,3,7,check,path192
24,3,8,chevron-up,path195
25,4,1,ramp-constant,rect289
26,4,2,ramp-linear,path167
27,4,3,ramp-spline,path296
28,4,4,ramp-bspline,path297
29,4,5,ramp-frame,path295
30,4,6,ramp-reset,path170
31,4,7,layer-material,path1
32,4,8,global,path173
33,5,1,refresh,path255
34,5,2,overflow,path283
35,5,3,grip,path279
36,5,4,arrow-up,path267
37,5,5,arrow-down,path293
38,5,6,cube,path251
39,5,7,sphere,rect283
40,5,8,plane,path271
41,6,1,quality-medium,rect284
42,6,2,quality-high,path286
43,6,3,eye,path218
44,6,4,eye-off,path288
45,6,5,chevron-down,path223
46,6,6,chevron-right,path290
47,6,7,mask,path207
48,6,8,effect,path202
49,7,1,chevron-down-bold,path292
50,7,2,hierarchy-root,path186
51,7,3,close,path171
52,7,4,minimize,path180
53,7,5,chevron-left,path291
54,7,6,pin,path162
55,7,7,dock,path165
56,7,8,cylinder,path252
57,8,1,variable-unlink,path161
